Review #,Review Text,Review Sentiment,Review Stars,VADER_stars,JJ_VADER_stars,KNN_stars
1,"Really smart idea to have a Maxi right in the heart of downtown. For students and many others who don’t have cars or rely only on public transportation, this kind of store is much needed.

The store looks clean and well organized as it should, being brand new, and I hope it stays that way. I didn’t have the time to explore every aisle, but from what I saw they seem to carry most of the essentials. The location is excellent.

The only downside is for people with cars: parking is limited and only available on the street with parking meters (not provided by Maxi).

THIS IS ALI NOOR & THIS IS MY REVIEW",Positive,5,4.69,4.71,3.40
2,"This grocery store had several empty shelves and the fruit selection was quite limited. The refrigerated section was almost empty and there was only few flavor of yogurt left.

Although there was a security guard at the entrance, we still saw someone take items without paying and yelling inside the store. It did not feel very well managed.",Negative,3,2.04,1.92,2.60
3,"I just shopped at this maxi, and for the first I bought more stuff than usual as I normally go to Provigo, Adonis or Iga. I had the most rude expérience at the Cashier . I called the client service but could not talk to a manager so I am leaving my expérience here. Amongst my things was an article that belonged to the customer in front of me . So I let the Cashier know before she scans it . She does not thank me , she just talks to the other customer to say that she will scan it after my stuff . Then comes the payment , I am still trying to put the things I bought in my bag in the little space the customer in front of me left , she said , you can pay , I reply : Yes when I have finished packing my things. She apparently finds it weird and says nothing . 30 seconds later , I pay but I am still putting my things in the bag, and I am in front the card reader . She turns right to the other customer and asks him to pay . So basically asks him to come right next behind me 5 cm away while I am still here packing my grocery . I ask her if she can wait till I finish packing , she replies ' what is your problem ' while she requests from the customer to come right next to me . Here is my problem : 1. I do not expect to be treated as a cattle at the cashier  2. Having one personal space while shopping is a very légitimate request , at least , in a civilised place 3 . I will not accept verbal abuse from a maxi employée in front of other customers because another client did not check that his grocery have been all counted ! last but not least , I do not have to be stressed to pack quickly my groceries when I pay ... Horrible expérience . I will go back to shopping to other places where client is respected . The Employée I dealt with should learn how to behave, especially with people twice her age. You lost a Client .",Negative,1,1.10,1.43,1.00
4,"Great variety at exceptional prices in a location that was awaiting for it for a long time.

Staff is doing an incredible job at stocking and organizing this newly opened store. In spite of the size of the store, I didn't feel a ""meh"" for the staff working around. The product variety is incredible for such small place, but don't expect to find every single thing in a regular sized Maxi. I found it was also easy to navigate in my first visit.",Positive,5,4.30,4.58,3.00
5,"It's okay.

It's expensive. Things aren't really on sale until they go bad and they lower the price by half on the exact day it goes bad. I personally still like to go to Marche Newon for cheaper groceries. ..... Because why am I paying 15 dollars for chicken thighs when I can get them for 7 at another market....

The staff sometimes don't really care where items go so the prices do not match the shelving stickers where they are placed. You can think you are paying 3 dollars for something but it is actually 8 dollars. Be careful to not get scammed and make sure you double check prices.

Sometimes very dirty floors and sometimes the store has a weird smell.

Recently, homeless people hanging out in front begging for money, or for the things you just bought.... I feel bad but being guilt tripped into giving things out I just bought is not a very pleasant experience....

This Maxi is just okay if you're too busy and you don't really have time to make a trip, or if you need something asap. I don't really like coming here often, it makes my wallet cry.",Negative,3,1.07,1.48,1.40
6,"Went on opening day, might be better now but it's pretty small, many items sold out or not even available at this location. Not sure if there's store parking but location is good enough for me, wish they would be open until 10pm given the location. Staff were helpful when called upon.",Negative,3,4.88,4.73,3.00
7,"The shopping baskets are always very, very dirty. It's really gross to put your fresh new food items in these dirty baskets. I spoke to the manager weeks ago about it and he acted like it's an strange thing to be asking and reluctant. The baskets are still dirty.

The grocery store is otherwise a really convenient and nicely stocked shop, with all the essentials but none of the extra selection which they obviously couldn't fit in this downtown space.",Negative,3,1.50,1.29,2.20
8,"Extremely grateful for this new Maxi. They always have something crazy cheap. With the price of food these days I was so excited to find raw turkey breast for only $1.49 during holidays because they were closed the holiday. Helped me have awesome holiday meal for under $10, can’t beat that. Theres also always excellent items discounted if you take your time. Convenient for last minute pickups, recommend for anyone living downtown.",Positive,5,4.94,4.71,3.40
9,"A bit small, but handy downtown market. Some good offers, specifically on vegetables and the produce section.",Positive,4,4.19,3.88,3.00
10,"This is a handy little store for grocery items when need something. It's not very big but as most of the essentials. It was a little messy the couple times I stopped in here while staying in the area for work, one example was self checkouts, I just happened to use the same one on each visit and noced a mess all over the table beside it, same mess was there a few days later. Also was getting some veggies, picked up a bag of baby carrots and it wss all slimy and leaking nasty... There were a few bags like that in the fridge like that.",Neutral,3,1.25,1.89,3.80
11,I've only ever witnessed one good staff member here (a really sweet and helpful hijabi) kudos to her and boo to all the others who have consistently made my shopping harder,Negative,1,4.82,4.65,3.00
12,"New opened supermarket. I would like to say that it’s a little bit smaller than normal supermarket like  PA, but it’s closer to where I live. Most things are like cheaper than usual as a new open sale, and if you are lucky enough they gonna gift you with a free blue basket (ofc I got it). Worth to pay a visit.",Positive,5,4.93,4.58,4.20
13,"Brand new grocery store right downtown. Although it is quite small, nice to finally have a Maxi in the neighbourhood. All the basics, fresh produce limited. Meats extremely limited and what they have is usually not freeh. Extremely limited street parking.",Neutral,3,3.98,3.64,4.20
14,"it’s hit or miss

items seem to be more expensive because of the location

fruits & veggies aren’t the freshest… need to be thoroughly checked

bread etc always seem to be 1-2 days before best before

good for quick/small purchases if the item is good",Neutral,3,4.71,4.71,3.00
15,"Misleading advertising. No blackberries anywhere on the floor. As most shoppers are students probably with limited French, who’s the wiser while actual blueberries are $6..",Negative,2,1.89,2.41,2.20
16,"Sucks , the cashier get my carte-cadeau's number off and then i don't know the code of carte cadeau and then i cannot pay so i lose 35 dollars don't go to this store really sucks and has several empty shelves",Negative,1,1.37,2.60,1.40
17,"Extremely disappointed. Cashiers treated customers like thieves—suspicious and unprofessional. This is not the first time such behavior has occurred here. Customers deserve respect, not prejudice. Management needs to take this seriously.

Some cashiers and the customer service have shown serious racial discrimination. This kind of behavior is unacceptable and needs to be addressed immediately.

Don't come.",Negative,1,1.90,1.19,1.00
18,"It is quite small. They don't always have all the items you will need, but it is a quite convenient location. The staff are okay. They have self checkout machines, so good for quick grocery shopping. However, the carts cause big inconvenience. They want you to put them back to the entrance area, which requires you to go through the entrance door even after you pay and wanna get out. That is a big flaw in their floor plan design.",Neutral,2,4.24,3.88,4.20
19,"The grocery store is clean however items are often out of stock so you're better off driving to another location.

Also as others have said there's a lot of disgusting discriminatory behaviour. I used the self check-out today December 7 between 4 - 4h10 pm, paid for all my stuff, and as I started putting them in my bag, the staff in the check-out area literally went behind me to observe me put my items in my bag! I looked behind my shoulder and she was a couple inches away from my face. When I finished and left, she left as well and walked back to her post. Very unprofessional and discriminatory.",Negative,1,2.84,3.64,3.00
20,"Not bad!  It’s very close to downtown and the items are mostly cheap. However, it’s a small store with limited selection.",Neutral,4,3.61,1.68,1.80
21,It's small - don't expect the same stock as in a big Maxi - but it's really convenient and clean.,Neutral,4,4.21,3.80,2.60
22,"Fewer products than other Maxis, but employees throughout store are helpful and efficient.",Positive,4,4.63,4.36,1.80
23,"It’s smaller than I thought it would be, I come here for essentials but they are missing a few things that the larger Maxi’s would have. Clean and staff are friendly!",Neutral,4,4.49,4.42,3.40
24,"I’m very disappointed. Many of the fruits and vegetables are rotten and not being removed from the shelves. Groceries are already very expensive these days, so customers deserve better quality and care. The store should do a better job ensuring freshness and proper rotation of produce.",Negative,1,4.14,3.80,1.00
25,"Finally, something useful for the public has been done and realized. This is a crowded city, and it was necessary to open such market branches in the city center. For example, IKEA could open a smaller-scale location in the downtown area — there’s a huge need for it. In Toronto, they had it. More services that make people’s lives easier should be provided. The city needs to keep up with the modern world and offer cleaner, higher-quality places. People living here shouldn’t have to be stuck with filthy, smelly environments.",Positive,5,4.54,4.65,3.40
26,"Small comparing with others but all the necessary products are there, everything well organized, clean and new. They have self checkout area which is helpful.
They were giving away blue baskets with purchase ticket.
Good location.",Positive,5,4.90,4.63,3.40
27,"Nice to have a maxi in the area, however this store is more like a big dépanneur than a major grocery store. Yes, they have the same products other Maxi’s have although less meat products, less fresh produce and less freezer products. The store feels really cramped and crowded with all the people, the cash lines also congest the whole front of the store. Also no parking despite most other groceries nearby having some form of parking. I’d probably go to another Maxi in the area to avoid this location’s downfalls.",Negative,2,4.46,3.50,3.40
28,Clean and organized. Selection is limited though.,Positive,4,3.40,3.80,2.60
29,"My first time I went to this Maxi, realizing it’s not very big. I didn’t find all the products that I thought I’d find.",Negative,4,3.00,3.00,2.20
30,"You always end up with more rain checks than groceries. They rarely have the items advertised, and this has been giing on since it opened. Limited selection. Check expiration dates on items. Saw a few items past date.",Negative,2,2.55,2.41,1.80
31,Good spot to grab food when staying at Grey Nuns lots of on the go options.,Positive,4,3.95,3.95,4.20
32,Very good grocery store! They have all you need.,Positive,5,4.08,3.88,5.00
33,"I think everyone can join me in saying we are so excited to have a Maxi downtown tho yes, no parking and it is small.  I’m still excited I paid $1 for avocados!  Can’t complain.  Plus toilet paper for $6.99! …",Positive,5,4.49,3.68,3.40
34,"The cashier that a woman with long curly hair and black-framed glasses. She treated Asian customers, with no smile and poor attitude, while greeting white customers warmly. This discriminatory behavior is unacceptable and should be addressed.",Negative,1,2.12,1.55,1.80
35,"I was hyped for opening of this Maxi, because it's near where I live and because Maxi have very good prices. Before I was going to Maxi on Verdun but was a little far. I got very disappointed when I saw tiny size of the store, it feels claustrophobic when there is too much people. I can say this look smaller than P.A before being reformed, and smaller than Provigo at avenue des Canadiens, and cause of the size there is a lot of products that you can find on Verdun Maxi, or any Provigo, that are missing here, example I was searching for Spiritz Up Diete ""the PC version of Sprite"" and they don't have it, on this Maxi, but instead they have Soda Club that I have never seen anybody buying it. I was searching for corn in the cob because was in sold and they didn't have any at all.",Negative,2,1.52,3.04,3.00
36,"Same owners of provigo.samre brownie that's 7 dollars at provigo is 5 dollars here. But there is,also a lot of lower quality products here compared to provigo. You dont get the good stuff",Neutral,3,1.58,3.36,4.20
37,"People giving them a poor review: you are downtown Montreal. You cannot expect the same experience as a Maxi in the west Island with parking and a much bigger building….  go step into provigo at the bell center, the adonis at atwater, the saq on st cath, same situation, same output.

This maxi has a good layout and is a great addition to the neighbourhood! People love to complain without logical reasoning.",Positive,5,4.70,4.20,3.80
38,"Disappointing.. Many basic  items are not available:
- gluten free product. i.e. spices, nuts, dates, etc..
- Frozen vegetables: Broccoli, beans, sprouts, squash, red beets.
- Frozen fruits: Blueberry, strawberry.",Negative,2,2.41,4.02,1.80
39,It's good to have maxi in downtown but this store is really small in comparison to other outlets.,Neutral,4,3.48,3.88,3.80
40,Fresh and modern looking. The store was clean.,Positive,4,4.22,4.22,3.40
41,"Good groceries store, it misses some stuff but is good to buy essentials",Positive,4,4.31,4.40,3.80
42,A little small but has all the necessities.,Positive,4,3.00,3.00,3.00
43,The store manager is rude and makes racist remarks toward a customer. Educate your employees before investing in shelving!,Negative,1,1.39,2.08,1.80
44,I went there for the first time and there’s nth much there tho. The price is higher than other Maxi even though they share the same name. Not recommended if u want to save money on your groceries.,Negative,1,4.25,3.40,1.80
45,No parking. Good for quick groceries,Positive,3,1.88,3.88,1.80
46,"This Maxi has no parking, it’s quite small, and the selection is limited to just the basics. The cashier also seemed so inexperienced. Disappointed!",Negative,3,1.45,2.05,3.80
47,Small footprint but had what we needed,Neutral,2,3.00,3.00,3.00
48,Ive never bought meat from here that wasn't spoiled immediately they change the best before dates to extend itz life meanwhile its already bad.,Negative,1,3.68,3.36,1.40
49,"The security will make you take the baskets/carts back to the entrance, it makes no sense. Creates so much traffic",Negative,1,2.69,3.00,1.80
50,Easy access for grocery. So closed to our hotel. They have everything we need for our stay here in Montreal.,Positive,5,3.88,3.88,4.20
51,"Everything is perfect...
Just it's too small for Maxi
I would call it Maxi-Express
But, the prices are very good, like in a real Maxi",Positive,4,4.77,4.53,4.60
52,"Although small, it's got very good product choices",Positive,4,3.99,3.88,3.40
53,They have nothing  Dollarama better than this Branch,Negative,5,2.32,3.88,1.00
54,So happy to have a Maxi this close. Great location good sélection for à smaller size store (think Carrefour Express in Europe).,Positive,5,4.80,4.79,4.20
55,"I I was excited for this, but there wasn’t much variety, and the second time I went there, many shelves were empt",Negative,3,3.36,3.00,1.80
56,I like this store from the first day. Marjone helped me a lot. She has a veey good experience.,Positive,5,4.32,3.88,3.80
57,"Overpriced, empty shelves, lack of variety!

Was disappointed with the store compared to other maxis",Negative,2,1.49,2.60,1.00
58,"Crowded, limited selection, but better prices than the store across the bell centre.",Negative,4,4.05,3.50,3.00
59,"It’s filled with this really weird, stinky smell… How can people even buy stuff or work there with that smell? It’s disgusting.",Negative,1,1.40,2.01,2.60
60,consistent horrible customer service,Negative,1,1.92,1.92,1.80
61,Food is always past date and food is always more expensive than the flyers,Negative,1,3.00,3.00,2.60
62,"Small is small, there is little variety",Negative,3,3.00,3.00,3.00
63,People working here clearly have no idea what’s going on…,Negative,1,3.26,3.00,5.00
64,the people of maxi are very friendly and sweet and the deals are amazing !!,Positive,5,4.81,4.47,3.00
65,Rude. Crowded. Too small. The staff need better training …,Negative,1,2.95,3.88,1.80
66,The staff are very rude and disrespectful.,Negative,1,1.98,2.08,2.60
67,"New location, but small. Cannot really complain considering the location.",Neutral,3,3.91,3.00,3.80
68,Great location.,Positive,5,4.25,4.25,4.60
69,"Good prices, very good for the neighborhood. Very satisfied.",Positive,5,4.70,4.65,4.60
70,"Opening on the 21st of august, so excited, downtown Montreal needed that.",Positive,5,3.96,3.68,3.40
71,Small but perfect for the area,Positive,5,4.45,4.14,3.80
72,Worst service ever,Negative,1,1.75,1.75,4.20
73,"Great location, Great price, Super Clean",Positive,5,4.88,4.84,5.00
74,Small comparing to other Maxis,Negative,3,3.00,3.00,2.60
75,"Limited variety, only basic",Negative,1,2.55,2.55,2.60
76,Amazing to see this close to our house,Positive,5,4.17,3.00,3.00
77,rotten fruits,Negative,1,1.98,3.00,1.40
78,Small and a bad location.,Negative,2,1.92,1.92,3.00
79,It's ok,Neutral,4,3.59,3.59,2.60
80,Is there parking at this location?,Neutral,5,3.00,3.00,3.40
81,"Perfect location, clean",Positive,5,4.50,4.14,5.00
82,Good store.,Positive,5,3.88,3.88,3.80
83,Awesome,Positive,5,4.25,3.00,2.60
84,Awesome service,Positive,5,4.25,4.25,3.40
85,"Always check your receipts!!! Misleading prices and other dirty tactics.

It’s a good store with affordable prices, but I’ve repeatedly noticed that the price labels are often incorrect. They’ll put a cheaper label on an item, but when you scan it, the price is higher. This has happened to me at least four times. Always check your receipt!

For example, this box of dry fruits was labeled as $15, but it actually rang up as $30. When I went back to check I saw the label itself was wrong. The same thing happened once when I was buying ramyeon, and another time with an egg sandwich. This never ever happens in ANY other store!

Edit: just went through all the reviews, and realised it’s a reoccurring issue

update : Aug 30,2026
Still seeing wrong labels. i dont understand why this only happens in this store and no other stores.",Negative,3,1.13,2.90,2.60
86,"Happy to find Maxi during a stay at the Holiday Inn one block over.  They had my all dressed chips along with Raisin Bran and milk for breakfast.  Clean, bright, quick and reasonable.  Just what I needed. Thanks.",Positive,5,4.80,4.70,3.80
87,Very reasonable prices for a downtown supermarket.,Positive,5,3.00,3.00,3.40
88,Bring back the cold $1 generic sodas!!! $3 now equals cya later.,Negative,1,3.00,3.00,1.80
89,Store manager is very rude. Not helpful at all.,Negative,1,1.58,2.90,2.60
90,They refused to reimburse me for a broken product even though I had the receipt and the product with me.,Negative,1,1.70,2.05,3.40
91,"No wine, only beer",Negative,2,2.41,3.00,2.60
92,Good location. Fast service. The prices were low. I keep going back because the prices are just so great.,Positive,5,4.59,4.42,5.00
93,"It's cheaper than other supermarket choices in this downtown neighborhood,but runs out of sale items very quickly!",Neutral,4,3.00,3.00,4.20
94,"With the new digital system, you don't know if it's a 10-cent discount or a $10 discount. It's a clever neuromarketing tactic...",Neutral,3,3.92,3.00,2.60
95,"A handy little neighborhood grocery store for quick errands. The selection is fairly limited, so it's not the ideal place for a full grocery shop, but perfect for picking up a few items quickly. The meat section is particularly small compared to larger Maxi stores, which can be a bit disappointing. However, it's still a decent option for last-minute purchases.",Neutral,3,2.70,2.78,4.20
96,"May 20, 2026, at 5 PM... Terrible service, especially the girl who's in charge of the pastry and bread sections... rude girl who knows nothing about customer service... I waited over an hour for her to bring the bread back to the shelf, but she didn't, and I left the store... and I thank her very kind colleagues who work in the meat and vegetable sections who tried to reason with her, but without success...",Negative,1,3.61,2.05,2.60
97,"Price increase at the self-checkout.
It can go up by 2 euros or more without justification; a real computer glitch.

I preferred using the cashier.
To get the correct price.

The staff is friendly.",Neutral,1,4.34,3.00,3.40
98,Maxi offers a wide variety of quality products. An excellent option for shopping while spending less without sacrificing quality items.,Positive,5,4.14,4.14,3.00
99,"Serious food safety issue.

This is the second time I've bought spoiled chicken from this MAXI supermarket.

This time: chicken wings, store-packed on the 15th, with a best-before date of the 18th. On the morning of the 17th, upon opening:

- Immediate suspicious odor
- Slimy surface

Last time, another package I bought here already smelled bad a day before the ""best before"" date.

Clear problem with the cold chain or stock rotation. I will no longer buy fresh meat from this store.

------------------------------------------------------------------------------------------------ Serious food safety concern.

This is the second time I’ve bought spoiled chicken from this MAXI.

This time: store-packaged chicken wings, packed on the 15th with a best before date of the 18th. Opened on the 17th and:

-noticeable bad smell right after opening
-slimy surface

Last time, a commercial pack of wings was already rotten one day before the best before date.

This points to problems with cold chain or stock management. I will no longer buy fresh chicken from this store.",Negative,2,3.99,4.50,1.00
100,"Tiny, with a minimal selection of products (more like emergency supplies) and the air conditioning is too strong. However, the service is attentive (at least when they first open) and the prices are reasonable (although I thought I saw different prices than the weekly flyer, for the fruit??). A minor/major drawback beyond their control: the young women with plenty of time to kill, who, despite the limited space, stop to husk every ear of corn and feel every tomato—what a nuisance!

Edit: strange smell of damp dog food!",Negative,4,1.61,3.31,2.60
101,It's a shame it's not bigger; the neighborhood really needed a supermarket. But it does have a good selection of everyday essentials.,Neutral,4,3.84,3.88,4.20
102,I just left the store. I had to cut my visit short because of the stench of dead rats in the shop. It's awful. Avoid this store!!,Negative,1,1.12,1.39,2.60
103,Extended opening hours. Much more choice than in smaller supermarkets. Pleasant store. Friendly and helpful staff. There was a problem with the self-checkout system. The poultry/meat/fish section is very limited (not enough choice). More organic products would be appreciated. Nature Path Love Crunch dark chocolate and red berry cereal is only available in the small size; we would love for you to stock the large size!,Neutral,4,4.91,4.68,2.20
104,"It looked huge from the outside, but inside it was surprisingly small  They had a variety of items, but not a huge selection. I thought there would be more Asian food and seasoning shops nearby, but they didn't have as many as the Maxi near my house. The staff were very patient, and the environment was quite nice. …",Neutral,5,4.46,4.50,2.20
105,"Brazilians, don't waste your time with this Maxi!! There's nothing here, plus the market is tiny. Look for another Maxi.",Negative,1,3.89,3.00,1.80
106,"The new downtown Maxi is clean, well-stocked, and offers good prices. It has a nice variety of products, including ethnic items, which are increasingly common in Maxi stores and are much appreciated.

That said, the space is small—as is typical in a downtown location—and during peak hours, like Sunday evenings, it can get crowded. The number of checkouts is also limited, which can lengthen the wait.

In short, a good option for quick purchases or for shopping during quieter times.",Positive,4,4.88,4.77,4.60
107,"I visited the new Max on René-Lévesque and MacKay Boulevard. I arrived at 9:50 a.m., and the security staff informed me that closing time was 9:55 a.m., while Google says 10:00 a.m. Furthermore, the security guard was very unpleasant to me, which made the experience even more disappointing. I hope these points will be taken into account to improve customer service in the future.",Negative,1,3.91,1.51,2.60
108,"I was very disappointed with my visit. The cashier was particularly unpleasant, which gave a bad impression right from the opening of this new Maxi, which was so eagerly awaited in the neighborhood. It's a shame that a brand new store, which was really needed here, already leaves a bad taste.",Negative,2,1.16,1.16,3.40
109,"Friendly staff and competitive prices. I gave it 4 stars because of the limited selection, especially of salad dressings and granola bars. I'll go back since it's close to home, but I might have to do my shopping elsewhere.",Neutral,4,3.50,3.92,3.80
110,Not nearly enough stock in my opinion,Negative,3,3.00,3.00,2.60
111,"Hello, I'm delighted to discover your Maxi store near my home! I'm looking forward to exploring your products and services. Thank you for providing such a convenient and welcoming shopping experience. I wish you every success with your store and I look forward to becoming a regular customer.",Positive,5,4.87,4.44,3.40
112,Yeah? Smaller. More expensive. Not sure I'd go back.,Negative,3,2.99,3.64,1.80
113,"Very small. Some products not offered. Certain products placed in different locations than in other Maxi stores. I will continue to go to the one in Préfontaine while waiting for the one near Papineau Metro to open (I'm in Berri, so the distance is similar).",Negative,2,2.59,3.55,3.00
114,Useful to have this grocery store in the right place and with convenient hours for everyone,Positive,5,3.88,3.88,3.40
115,"This Maxi product is weird; I always end up with products that expire two days before, and you find yourself with expired products. This is the fifth time I've fallen into this trap. Be very careful with Maxi products that are past their expiration date.",Negative,1,1.88,2.95,1.80
116,A small supermarket where you can find the essentials,Positive,4,3.00,3.00,2.60
117,"Bad smell! Clean the supermarket entrance and review your staff; they know nothing! When you ask them questions about a product, they say ""I don't know,"" it's unbelievable!! …",Negative,1,1.90,2.20,1.40
118,Several choices available with lots of specials for me ... helpful staff. Good grocery store... Kuei MTL. …,Positive,5,4.38,4.38,4.20
119,"Very disappointed, I was expecting a large Maxi. It's more like a large neighborhood convenience store. It wasn't very busy.",Negative,2,2.69,2.05,2.60
120,"Excellent city centre shop. Clean, well organised and the selection is quite varied.",Positive,4,4.64,4.14,3.40
121,Absolutely perfect with all the necessary products!! They even have bagged ice  …,Positive,5,4.36,4.14,3.40
122,"The Maxi is very well organized, but smaller, and it's still really good.",Positive,5,4.43,3.88,3.80
123,Overpriced and unpleasant staff. I overheard a cashier making fun of customers' appearances. Avoid at all costs.,Negative,1,2.50,2.05,2.20
124,"Very clean, good prices and very welcoming staff! I'll be back!",Positive,5,4.75,4.64,5.00
125,"Very nice opening, welcoming staff!",Positive,5,4.52,3.84,3.00
126,"Finally, a Maxi in the city centre and very welcoming staff!",Positive,5,4.08,3.88,4.60
127,"Finally, a maxi-series right in the city center! I can't wait to check it out.",Positive,5,3.00,3.00,4.60
128,A bit pricey compared to Cotco. But good products.,Positive,3,4.19,3.88,2.60
129,It's open!,Positive,5,3.00,3.00,3.40
130,It's great nearby and the service is good!,Positive,5,4.61,4.58,5.00
131,Great for troubleshooting,Positive,4,4.40,4.25,5.00
132,Excellent service and the staff are very courteous.,Positive,5,4.61,4.58,3.40
133,Well-kept,Positive,4,3.00,3.00,4.20
134,Lack of something,Negative,4,2.36,3.00,3.00
135,Thank you to Yasmine for her wonderful service!,Positive,5,4.51,4.14,2.60
